{
	 "rootnode": {
		 "name": "unnamed"
		,"transformation": [
			 0.0254
			,0
			,0
			,0
			,0
			,0
			,0.0254
			,0
			,0
			,-0.0254
			,0
			,0
			,0
			,0
			,0
			,1
		]
		,"children": [
			{
				 "name": "SketchUp"
				,"transformation": [
					 1
					,0
					,0
					,0
					,0
					,1
					,0
					,0
					,0
					,0
					,1
					,0
					,0
					,0
					,0
					,1
				]
				,"meshes": [
					 0
					,1
					,2
					,3
					,4
					,5
				]
				,"children": [
					{
						 "name": "skp_camera_Last_Saved_SketchUp_View"
						,"transformation": [
							 -1
							,-2.35507e-005
							,4.14939e-005
							,-0.749981
							,4.77114e-005
							,-0.493607
							,0.869685
							,60.49
							,0
							,0.869685
							,0.493607
							,34.4107
							,0
							,0
							,0
							,1
						]
					}
				]
			}
		]
	}
	,"flags": 8
	,"meshes": [
		{
			 "name": "ID3"
			,"materialindex": 2
			,"primitivetypes": 4
			,"vertices": [
				 12.87
				,12.9611
				,-2.125
				,-13.755
				,-13.6639
				,-2.125
				,-13.755
				,12.9611
				,-2.125
				,12.87
				,-13.6639
				,-2.125
			]
			,"normals": [
				 0
				,0
				,-1
				,0
				,0
				,-1
				,0
				,0
				,-1
				,0
				,0
				,-1
			]
			,"tangents": [
				 -1
				,0
				,0
				,-1
				,0
				,0
				,-1
				,0
				,0
				,-1
				,0
				,0
			]
			,"bitangents": [
				 0
				,-1
				,0
				,0
				,-1
				,0
				,0
				,-1
				,0
				,0
				,-1
				,0
			]
			,"numuvcomponents": [
				 2
			]
			,"texturecoords": [
				[
					 0
					,0.751274
					,0.751274
					,0
					,0.751274
					,0.751274
					,0
					,0
				]
			]
			,"faces": [
				[
					 0
					,1
					,2
				]
				,[
					 1
					,0
					,3
				]
			]
		}
		,{
			 "name": ""
			,"materialindex": 0
			,"primitivetypes": 4
			,"vertices": [
				 3.87645
				,-4.41733
				,7.8125
				,-4.43605
				,3.89517
				,7.8125
				,-4.43605
				,-4.41733
				,7.8125
				,3.87645
				,3.89517
				,7.8125
				,-13.755
				,-13.6639
				,-1.8125
				,-4.43605
				,-4.41733
				,-1.8125
				,-13.755
				,12.9611
				,-1.8125
				,12.87
				,-13.6639
				,-1.8125
				,3.87645
				,-4.41733
				,-1.8125
				,3.87645
				,3.89517
				,-1.8125
				,-4.43605
				,3.89517
				,-1.8125
				,12.87
				,12.9611
				,-1.8125
			]
			,"normals": [
				 0
				,0
				,1
				,0
				,0
				,1
				,0
				,0
				,1
				,0
				,0
				,1
				,-0
				,-0
				,1
				,-0
				,-0
				,1
				,-0
				,-0
				,1
				,-0
				,-0
				,1
				,-0
				,-0
				,1
				,-0
				,-0
				,1
				,-0
				,-0
				,1
				,-0
				,-0
				,1
			]
			,"tangents": [
				 1
				,0
				,0
				,1
				,0
				,0
				,1
				,0
				,0
				,1
				,0
				,0
				,1
				,2.04674e-007
				,0
				,1
				,1.55583e-007
				,0
				,1
				,1.94479e-007
				,0
				,1
				,-1.10345e-007
				,0
				,1
				,-1.13215e-007
				,0
				,1
				,-2.22843e-007
				,0
				,1
				,4.09733e-008
				,0
				,1
				,-5.30199e-008
				,0
			]
			,"bitangents": [
				 0
				,-1
				,0
				,0
				,-1
				,0
				,0
				,-1
				,0
				,0
				,-1
				,0
				,-8.59484e-008
				,-1
				,0
				,-5.1569e-008
				,-1
				,0
				,7.8895e-008
				,-1
				,0
				,-1.03138e-007
				,-1
				,0
				,0
				,-1
				,0
				,8.42337e-008
				,-1
				,0
				,2.42024e-007
				,-1
				,0
				,2.42024e-007
				,-1
				,0
			]
			,"numuvcomponents": [
				 2
			]
			,"texturecoords": [
				[
					 1
					,0
					,0
					,1
					,0
					,0
					,1
					,1
					,0
					,0
					,0.350008
					,0.347289
					,0
					,1
					,1
					,0
					,0.662214
					,0.347289
					,0.662214
					,0.659496
					,0.350008
					,0.659496
					,1
					,1
				]
			]
			,"faces": [
				[
					 0
					,1
					,2
				]
				,[
					 1
					,0
					,3
				]
				,[
					 4
					,5
					,6
				]
				,[
					 5
					,4
					,7
				]
				,[
					 5
					,7
					,8
				]
				,[
					 8
					,7
					,9
				]
				,[
					 6
					,10
					,11
				]
				,[
					 10
					,6
					,5
				]
				,[
					 11
					,10
					,9
				]
				,[
					 11
					,9
					,7
				]
			]
		}
		,{
			 "name": "ID29"
			,"materialindex": 1
			,"primitivetypes": 4
			,"vertices": [
				 -13.755
				,12.9611
				,-1.8125
				,-13.755
				,-13.6639
				,-2.125
				,-13.755
				,-13.6639
				,-1.8125
				,-13.755
				,12.9611
				,-2.125
				,12.87
				,-13.6639
				,-1.8125
				,-13.755
				,-13.6639
				,-2.125
				,12.87
				,-13.6639
				,-2.125
				,-13.755
				,-13.6639
				,-1.8125
				,-13.755
				,12.9611
				,-1.8125
				,12.87
				,12.9611
				,-2.125
				,-13.755
				,12.9611
				,-2.125
				,12.87
				,12.9611
				,-1.8125
				,12.87
				,12.9611
				,-2.125
				,12.87
				,-13.6639
				,-1.8125
				,12.87
				,-13.6639
				,-2.125
				,12.87
				,12.9611
				,-1.8125
			]
			,"normals": [
				 -1
				,0
				,0
				,-1
				,0
				,0
				,-1
				,0
				,0
				,-1
				,0
				,0
				,0
				,-1
				,0
				,0
				,-1
				,0
				,0
				,-1
				,0
				,0
				,-1
				,0
				,-0
				,1
				,-0
				,-0
				,1
				,-0
				,-0
				,1
				,-0
				,-0
				,1
				,-0
				,1
				,-0
				,-0
				,1
				,-0
				,-0
				,1
				,-0
				,-0
				,1
				,-0
				,-0
			]
			,"faces": [
				[
					 0
					,1
					,2
				]
				,[
					 1
					,0
					,3
				]
				,[
					 4
					,5
					,6
				]
				,[
					 5
					,4
					,7
				]
				,[
					 8
					,9
					,10
				]
				,[
					 9
					,8
					,11
				]
				,[
					 12
					,13
					,14
				]
				,[
					 13
					,12
					,15
				]
			]
		}
		,{
			 "name": "ID45"
			,"materialindex": 3
			,"primitivetypes": 4
			,"vertices": [
				 -4.43605
				,3.89517
				,7.8125
				,-4.43605
				,-4.41733
				,-1.8125
				,-4.43605
				,-4.41733
				,7.8125
				,-4.43605
				,3.89517
				,-1.8125
				,3.87645
				,-4.41733
				,7.8125
				,-4.43605
				,-4.41733
				,-1.8125
				,3.87645
				,-4.41733
				,-1.8125
				,-4.43605
				,-4.41733
				,7.8125
			]
			,"normals": [
				 -1
				,0
				,0
				,-1
				,0
				,0
				,-1
				,0
				,0
				,-1
				,0
				,0
				,0
				,-1
				,0
				,0
				,-1
				,0
				,0
				,-1
				,0
				,0
				,-1
				,0
			]
			,"tangents": [
				 0
				,-1
				,0
				,0
				,-1
				,0
				,0
				,-1
				,0
				,0
				,-1
				,0
				,1
				,0
				,0
				,1
				,0
				,0
				,1
				,0
				,0
				,1
				,0
				,0
			]
			,"bitangents": [
				 0
				,0
				,-1
				,0
				,0
				,-1
				,0
				,0
				,-1
				,0
				,0
				,-1
				,0
				,0
				,-1
				,0
				,0
				,-1
				,0
				,0
				,-1
				,0
				,0
				,-1
			]
			,"numuvcomponents": [
				 2
			]
			,"texturecoords": [
				[
					 0
					,0.54815
					,0.473402
					,0
					,0.473402
					,0.54815
					,0
					,0
					,0.863636
					,1
					,0
					,0
					,0.863636
					,0
					,0
					,1
				]
			]
			,"faces": [
				[
					 0
					,1
					,2
				]
				,[
					 1
					,0
					,3
				]
				,[
					 4
					,5
					,6
				]
				,[
					 5
					,4
					,7
				]
			]
		}
		,{
			 "name": "ID58"
			,"materialindex": 4
			,"primitivetypes": 4
			,"vertices": [
				 3.87645
				,3.89517
				,-1.8125
				,3.87645
				,-4.41733
				,7.8125
				,3.87645
				,-4.41733
				,-1.8125
				,3.87645
				,3.89517
				,7.8125
			]
			,"normals": [
				 1
				,-0
				,-0
				,1
				,-0
				,-0
				,1
				,-0
				,-0
				,1
				,-0
				,-0
			]
			,"tangents": [
				 0
				,1
				,0
				,0
				,1
				,0
				,0
				,1
				,0
				,0
				,1
				,0
			]
			,"bitangents": [
				 0
				,0
				,-1
				,0
				,0
				,-1
				,0
				,0
				,-1
				,0
				,0
				,-1
			]
			,"numuvcomponents": [
				 2
			]
			,"texturecoords": [
				[
					 0.647727
					,0
					,0
					,1
					,0
					,0
					,0.647727
					,1
				]
			]
			,"faces": [
				[
					 0
					,1
					,2
				]
				,[
					 1
					,0
					,3
				]
			]
		}
		,{
			 "name": "ID71"
			,"materialindex": 5
			,"primitivetypes": 4
			,"vertices": [
				 -4.43605
				,3.89517
				,7.8125
				,3.87645
				,3.89517
				,-1.8125
				,-4.43605
				,3.89517
				,-1.8125
				,3.87645
				,3.89517
				,7.8125
			]
			,"normals": [
				 -0
				,1
				,-0
				,-0
				,1
				,-0
				,-0
				,1
				,-0
				,-0
				,1
				,-0
			]
			,"tangents": [
				 -1
				,0
				,0
				,-1
				,0
				,0
				,-1
				,0
				,0
				,-1
				,0
				,0
			]
			,"bitangents": [
				 0
				,0
				,-1
				,0
				,0
				,-1
				,0
				,0
				,-1
				,0
				,0
				,-1
			]
			,"numuvcomponents": [
				 2
			]
			,"texturecoords": [
				[
					 0.734779
					,1
					,0
					,-0.134395
					,0.734779
					,-0.134395
					,0
					,1
				]
			]
			,"faces": [
				[
					 0
					,1
					,2
				]
				,[
					 1
					,0
					,3
				]
			]
		}
	]
	,"materials": [
		{
			 "properties": [
				{
					 "key": "?mat.name"
					,"semantic": 0
					,"index": 0
					,"type": 3
					,"value": "ID17"
				}
				,{
					 "key": "$mat.shadingm"
					,"semantic": 0
					,"index": 0
					,"type": 4
					,"value": 2
				}
				,{
					 "key": "$mat.twosided"
					,"semantic": 0
					,"index": 0
					,"type": 4
					,"value": 0
				}
				,{
					 "key": "$mat.wireframe"
					,"semantic": 0
					,"index": 0
					,"type": 4
					,"value": 0
				}
				,{
					 "key": "$clr.ambient"
					,"semantic": 0
					,"index": 0
					,"type": 1
					,"value": [
						 0.1
						,0.1
						,0.1
						,1
					]
				}
				,{
					 "key": "$clr.diffuse"
					,"semantic": 0
					,"index": 0
					,"type": 1
					,"value": [
						 0.6
						,0.6
						,0.6
						,1
					]
				}
				,{
					 "key": "$clr.specular"
					,"semantic": 0
					,"index": 0
					,"type": 1
					,"value": [
						 0.4
						,0.4
						,0.4
						,1
					]
				}
				,{
					 "key": "$clr.emissive"
					,"semantic": 0
					,"index": 0
					,"type": 1
					,"value": [
						 0
						,0
						,0
						,1
					]
				}
				,{
					 "key": "$clr.transparent"
					,"semantic": 0
					,"index": 0
					,"type": 1
					,"value": [
						 0
						,0
						,0
						,1
					]
				}
				,{
					 "key": "$clr.reflective"
					,"semantic": 0
					,"index": 0
					,"type": 1
					,"value": [
						 0
						,0
						,0
						,0
					]
				}
				,{
					 "key": "$mat.shininess"
					,"semantic": 0
					,"index": 0
					,"type": 1
					,"value": 10
				}
				,{
					 "key": "$mat.reflectivity"
					,"semantic": 0
					,"index": 0
					,"type": 1
					,"value": 1
				}
				,{
					 "key": "$mat.refracti"
					,"semantic": 0
					,"index": 0
					,"type": 1
					,"value": 1
				}
				,{
					 "key": "$mat.opacity"
					,"semantic": 0
					,"index": 0
					,"type": 1
					,"value": 1
				}
				,{
					 "key": "$tex.file"
					,"semantic": 1
					,"index": 0
					,"type": 3
					,"value": "try/Susan_with_anti.png"
				}
				,{
					 "key": "$tex.mapmodeu"
					,"semantic": 1
					,"index": 0
					,"type": 4
					,"value": 0
				}
				,{
					 "key": "$tex.mapmodev"
					,"semantic": 1
					,"index": 0
					,"type": 4
					,"value": 0
				}
				,{
					 "key": "$tex.uvtrafo"
					,"semantic": 1
					,"index": 0
					,"type": 1
					,"value": [
						 0
						,0
						,1
						,1
						,0
					]
				}
				,{
					 "key": "$tex.blend"
					,"semantic": 1
					,"index": 0
					,"type": 1
					,"value": 1
				}
				,{
					 "key": "$tex.uvwsrc"
					,"semantic": 1
					,"index": 0
					,"type": 4
					,"value": 0
				}
			]
		}
		,{
			 "properties": [
				{
					 "key": "?mat.name"
					,"semantic": 0
					,"index": 0
					,"type": 3
					,"value": "ID31"
				}
				,{
					 "key": "$mat.shadingm"
					,"semantic": 0
					,"index": 0
					,"type": 4
					,"value": 2
				}
				,{
					 "key": "$mat.twosided"
					,"semantic": 0
					,"index": 0
					,"type": 4
					,"value": 0
				}
				,{
					 "key": "$mat.wireframe"
					,"semantic": 0
					,"index": 0
					,"type": 4
					,"value": 0
				}
				,{
					 "key": "$clr.ambient"
					,"semantic": 0
					,"index": 0
					,"type": 1
					,"value": [
						 0.1
						,0.1
						,0.1
						,1
					]
				}
				,{
					 "key": "$clr.diffuse"
					,"semantic": 0
					,"index": 0
					,"type": 1
					,"value": [
						 1
						,1
						,1
						,1
					]
				}
				,{
					 "key": "$clr.specular"
					,"semantic": 0
					,"index": 0
					,"type": 1
					,"value": [
						 0.4
						,0.4
						,0.4
						,1
					]
				}
				,{
					 "key": "$clr.emissive"
					,"semantic": 0
					,"index": 0
					,"type": 1
					,"value": [
						 0
						,0
						,0
						,1
					]
				}
				,{
					 "key": "$clr.transparent"
					,"semantic": 0
					,"index": 0
					,"type": 1
					,"value": [
						 0
						,0
						,0
						,1
					]
				}
				,{
					 "key": "$clr.reflective"
					,"semantic": 0
					,"index": 0
					,"type": 1
					,"value": [
						 0
						,0
						,0
						,0
					]
				}
				,{
					 "key": "$mat.shininess"
					,"semantic": 0
					,"index": 0
					,"type": 1
					,"value": 10
				}
				,{
					 "key": "$mat.reflectivity"
					,"semantic": 0
					,"index": 0
					,"type": 1
					,"value": 1
				}
				,{
					 "key": "$mat.refracti"
					,"semantic": 0
					,"index": 0
					,"type": 1
					,"value": 1
				}
				,{
					 "key": "$mat.opacity"
					,"semantic": 0
					,"index": 0
					,"type": 1
					,"value": 1
				}
			]
		}
		,{
			 "properties": [
				{
					 "key": "?mat.name"
					,"semantic": 0
					,"index": 0
					,"type": 3
					,"value": "ID4"
				}
				,{
					 "key": "$mat.shadingm"
					,"semantic": 0
					,"index": 0
					,"type": 4
					,"value": 2
				}
				,{
					 "key": "$mat.twosided"
					,"semantic": 0
					,"index": 0
					,"type": 4
					,"value": 0
				}
				,{
					 "key": "$mat.wireframe"
					,"semantic": 0
					,"index": 0
					,"type": 4
					,"value": 0
				}
				,{
					 "key": "$clr.ambient"
					,"semantic": 0
					,"index": 0
					,"type": 1
					,"value": [
						 0.1
						,0.1
						,0.1
						,1
					]
				}
				,{
					 "key": "$clr.diffuse"
					,"semantic": 0
					,"index": 0
					,"type": 1
					,"value": [
						 0.6
						,0.6
						,0.6
						,1
					]
				}
				,{
					 "key": "$clr.specular"
					,"semantic": 0
					,"index": 0
					,"type": 1
					,"value": [
						 0.4
						,0.4
						,0.4
						,1
					]
				}
				,{
					 "key": "$clr.emissive"
					,"semantic": 0
					,"index": 0
					,"type": 1
					,"value": [
						 0
						,0
						,0
						,1
					]
				}
				,{
					 "key": "$clr.transparent"
					,"semantic": 0
					,"index": 0
					,"type": 1
					,"value": [
						 0
						,0
						,0
						,1
					]
				}
				,{
					 "key": "$clr.reflective"
					,"semantic": 0
					,"index": 0
					,"type": 1
					,"value": [
						 0
						,0
						,0
						,0
					]
				}
				,{
					 "key": "$mat.shininess"
					,"semantic": 0
					,"index": 0
					,"type": 1
					,"value": 10
				}
				,{
					 "key": "$mat.reflectivity"
					,"semantic": 0
					,"index": 0
					,"type": 1
					,"value": 1
				}
				,{
					 "key": "$mat.refracti"
					,"semantic": 0
					,"index": 0
					,"type": 1
					,"value": 1
				}
				,{
					 "key": "$mat.opacity"
					,"semantic": 0
					,"index": 0
					,"type": 1
					,"value": 1
				}
				,{
					 "key": "$tex.file"
					,"semantic": 1
					,"index": 0
					,"type": 3
					,"value": "try/anti_subtract1.png"
				}
				,{
					 "key": "$tex.mapmodeu"
					,"semantic": 1
					,"index": 0
					,"type": 4
					,"value": 0
				}
				,{
					 "key": "$tex.mapmodev"
					,"semantic": 1
					,"index": 0
					,"type": 4
					,"value": 0
				}
				,{
					 "key": "$tex.uvtrafo"
					,"semantic": 1
					,"index": 0
					,"type": 1
					,"value": [
						 0
						,0
						,1
						,1
						,0
					]
				}
				,{
					 "key": "$tex.blend"
					,"semantic": 1
					,"index": 0
					,"type": 1
					,"value": 1
				}
				,{
					 "key": "$tex.uvwsrc"
					,"semantic": 1
					,"index": 0
					,"type": 4
					,"value": 0
				}
			]
		}
		,{
			 "properties": [
				{
					 "key": "?mat.name"
					,"semantic": 0
					,"index": 0
					,"type": 3
					,"value": "ID46"
				}
				,{
					 "key": "$mat.shadingm"
					,"semantic": 0
					,"index": 0
					,"type": 4
					,"value": 2
				}
				,{
					 "key": "$mat.twosided"
					,"semantic": 0
					,"index": 0
					,"type": 4
					,"value": 0
				}
				,{
					 "key": "$mat.wireframe"
					,"semantic": 0
					,"index": 0
					,"type": 4
					,"value": 0
				}
				,{
					 "key": "$clr.ambient"
					,"semantic": 0
					,"index": 0
					,"type": 1
					,"value": [
						 0.1
						,0.1
						,0.1
						,1
					]
				}
				,{
					 "key": "$clr.diffuse"
					,"semantic": 0
					,"index": 0
					,"type": 1
					,"value": [
						 0.6
						,0.6
						,0.6
						,1
					]
				}
				,{
					 "key": "$clr.specular"
					,"semantic": 0
					,"index": 0
					,"type": 1
					,"value": [
						 0.4
						,0.4
						,0.4
						,1
					]
				}
				,{
					 "key": "$clr.emissive"
					,"semantic": 0
					,"index": 0
					,"type": 1
					,"value": [
						 0
						,0
						,0
						,1
					]
				}
				,{
					 "key": "$clr.transparent"
					,"semantic": 0
					,"index": 0
					,"type": 1
					,"value": [
						 0
						,0
						,0
						,1
					]
				}
				,{
					 "key": "$clr.reflective"
					,"semantic": 0
					,"index": 0
					,"type": 1
					,"value": [
						 0
						,0
						,0
						,0
					]
				}
				,{
					 "key": "$mat.shininess"
					,"semantic": 0
					,"index": 0
					,"type": 1
					,"value": 10
				}
				,{
					 "key": "$mat.reflectivity"
					,"semantic": 0
					,"index": 0
					,"type": 1
					,"value": 1
				}
				,{
					 "key": "$mat.refracti"
					,"semantic": 0
					,"index": 0
					,"type": 1
					,"value": 1
				}
				,{
					 "key": "$mat.opacity"
					,"semantic": 0
					,"index": 0
					,"type": 1
					,"value": 1
				}
				,{
					 "key": "$tex.file"
					,"semantic": 1
					,"index": 0
					,"type": 3
					,"value": "try/anti_subtract2.png"
				}
				,{
					 "key": "$tex.mapmodeu"
					,"semantic": 1
					,"index": 0
					,"type": 4
					,"value": 0
				}
				,{
					 "key": "$tex.mapmodev"
					,"semantic": 1
					,"index": 0
					,"type": 4
					,"value": 0
				}
				,{
					 "key": "$tex.uvtrafo"
					,"semantic": 1
					,"index": 0
					,"type": 1
					,"value": [
						 0
						,0
						,1
						,1
						,0
					]
				}
				,{
					 "key": "$tex.blend"
					,"semantic": 1
					,"index": 0
					,"type": 1
					,"value": 1
				}
				,{
					 "key": "$tex.uvwsrc"
					,"semantic": 1
					,"index": 0
					,"type": 4
					,"value": 0
				}
			]
		}
		,{
			 "properties": [
				{
					 "key": "?mat.name"
					,"semantic": 0
					,"index": 0
					,"type": 3
					,"value": "ID59"
				}
				,{
					 "key": "$mat.shadingm"
					,"semantic": 0
					,"index": 0
					,"type": 4
					,"value": 2
				}
				,{
					 "key": "$mat.twosided"
					,"semantic": 0
					,"index": 0
					,"type": 4
					,"value": 0
				}
				,{
					 "key": "$mat.wireframe"
					,"semantic": 0
					,"index": 0
					,"type": 4
					,"value": 0
				}
				,{
					 "key": "$clr.ambient"
					,"semantic": 0
					,"index": 0
					,"type": 1
					,"value": [
						 0.1
						,0.1
						,0.1
						,1
					]
				}
				,{
					 "key": "$clr.diffuse"
					,"semantic": 0
					,"index": 0
					,"type": 1
					,"value": [
						 0.6
						,0.6
						,0.6
						,1
					]
				}
				,{
					 "key": "$clr.specular"
					,"semantic": 0
					,"index": 0
					,"type": 1
					,"value": [
						 0.4
						,0.4
						,0.4
						,1
					]
				}
				,{
					 "key": "$clr.emissive"
					,"semantic": 0
					,"index": 0
					,"type": 1
					,"value": [
						 0
						,0
						,0
						,1
					]
				}
				,{
					 "key": "$clr.transparent"
					,"semantic": 0
					,"index": 0
					,"type": 1
					,"value": [
						 0
						,0
						,0
						,1
					]
				}
				,{
					 "key": "$clr.reflective"
					,"semantic": 0
					,"index": 0
					,"type": 1
					,"value": [
						 0
						,0
						,0
						,0
					]
				}
				,{
					 "key": "$mat.shininess"
					,"semantic": 0
					,"index": 0
					,"type": 1
					,"value": 10
				}
				,{
					 "key": "$mat.reflectivity"
					,"semantic": 0
					,"index": 0
					,"type": 1
					,"value": 1
				}
				,{
					 "key": "$mat.refracti"
					,"semantic": 0
					,"index": 0
					,"type": 1
					,"value": 1
				}
				,{
					 "key": "$mat.opacity"
					,"semantic": 0
					,"index": 0
					,"type": 1
					,"value": 1
				}
				,{
					 "key": "$tex.file"
					,"semantic": 1
					,"index": 0
					,"type": 3
					,"value": "try/alpha_no_depth_power.png"
				}
				,{
					 "key": "$tex.mapmodeu"
					,"semantic": 1
					,"index": 0
					,"type": 4
					,"value": 0
				}
				,{
					 "key": "$tex.mapmodev"
					,"semantic": 1
					,"index": 0
					,"type": 4
					,"value": 0
				}
				,{
					 "key": "$tex.uvtrafo"
					,"semantic": 1
					,"index": 0
					,"type": 1
					,"value": [
						 0
						,0
						,1
						,1
						,0
					]
				}
				,{
					 "key": "$tex.blend"
					,"semantic": 1
					,"index": 0
					,"type": 1
					,"value": 1
				}
				,{
					 "key": "$tex.uvwsrc"
					,"semantic": 1
					,"index": 0
					,"type": 4
					,"value": 0
				}
			]
		}
		,{
			 "properties": [
				{
					 "key": "?mat.name"
					,"semantic": 0
					,"index": 0
					,"type": 3
					,"value": "ID72"
				}
				,{
					 "key": "$mat.shadingm"
					,"semantic": 0
					,"index": 0
					,"type": 4
					,"value": 2
				}
				,{
					 "key": "$mat.twosided"
					,"semantic": 0
					,"index": 0
					,"type": 4
					,"value": 0
				}
				,{
					 "key": "$mat.wireframe"
					,"semantic": 0
					,"index": 0
					,"type": 4
					,"value": 0
				}
				,{
					 "key": "$clr.ambient"
					,"semantic": 0
					,"index": 0
					,"type": 1
					,"value": [
						 0.1
						,0.1
						,0.1
						,1
					]
				}
				,{
					 "key": "$clr.diffuse"
					,"semantic": 0
					,"index": 0
					,"type": 1
					,"value": [
						 0.6
						,0.6
						,0.6
						,1
					]
				}
				,{
					 "key": "$clr.specular"
					,"semantic": 0
					,"index": 0
					,"type": 1
					,"value": [
						 0.4
						,0.4
						,0.4
						,1
					]
				}
				,{
					 "key": "$clr.emissive"
					,"semantic": 0
					,"index": 0
					,"type": 1
					,"value": [
						 0
						,0
						,0
						,1
					]
				}
				,{
					 "key": "$clr.transparent"
					,"semantic": 0
					,"index": 0
					,"type": 1
					,"value": [
						 0
						,0
						,0
						,1
					]
				}
				,{
					 "key": "$clr.reflective"
					,"semantic": 0
					,"index": 0
					,"type": 1
					,"value": [
						 0
						,0
						,0
						,0
					]
				}
				,{
					 "key": "$mat.shininess"
					,"semantic": 0
					,"index": 0
					,"type": 1
					,"value": 10
				}
				,{
					 "key": "$mat.reflectivity"
					,"semantic": 0
					,"index": 0
					,"type": 1
					,"value": 1
				}
				,{
					 "key": "$mat.refracti"
					,"semantic": 0
					,"index": 0
					,"type": 1
					,"value": 1
				}
				,{
					 "key": "$mat.opacity"
					,"semantic": 0
					,"index": 0
					,"type": 1
					,"value": 1
				}
				,{
					 "key": "$tex.file"
					,"semantic": 1
					,"index": 0
					,"type": 3
					,"value": "try/Susan_tex.png"
				}
				,{
					 "key": "$tex.mapmodeu"
					,"semantic": 1
					,"index": 0
					,"type": 4
					,"value": 0
				}
				,{
					 "key": "$tex.mapmodev"
					,"semantic": 1
					,"index": 0
					,"type": 4
					,"value": 0
				}
				,{
					 "key": "$tex.uvtrafo"
					,"semantic": 1
					,"index": 0
					,"type": 1
					,"value": [
						 0
						,0
						,1
						,1
						,0
					]
				}
				,{
					 "key": "$tex.blend"
					,"semantic": 1
					,"index": 0
					,"type": 1
					,"value": 1
				}
				,{
					 "key": "$tex.uvwsrc"
					,"semantic": 1
					,"index": 0
					,"type": 4
					,"value": 0
				}
			]
		}
	]
	,"cameras": [
		{
			 "name": "skp_camera_Last_Saved_SketchUp_View"
			,"aspect": 0
			,"clipplanefar": 1000
			,"clipplanenear": 1
			,"horizontalfov": 0
			,"up": [
				 0
				,1
				,0
			]
			,"lookat": [
				 0
				,0
				,-1
			]
		}
	]
}
